Generation,Baseline-Average,Baseline-Best,Social-Darwin-Average,Social-Darwin-Best,Social-Lamark-Average,Social-Lamark-Best,Species-Darwin-Average,Species-Darwin-Best,Species-Lamark-Average,Species-Lamark-Best
0,85.48333333,1163.333333,462.6666667,1931.666667,368.2166667,1735,436.4833333,1746.666667,357.35,1673.333333
1,240.65,1348.333333,760.7833333,2006.666667,1330.183333,2650,483.5666667,1701.666667,1112.1,2446.666667
2,439.8166667,1586.666667,747.7666667,1843.333333,1589.216667,2675,433.9166667,1760,1447.983333,2515
3,430.9166667,1558.333333,860.85,1936.666667,1619.166667,2635,520.3833333,1685,1647.45,2623.333333
4,448.3666667,1510,812.8833333,1948.333333,1661.1,2676.666667,510.9,1645,1496.133333,2551.666667
5,575.0666667,1630,677.2666667,1641.666667,1585.866667,2640,501.5666667,1496.666667,1608.866667,2720
6,505.75,1401.666667,684.7,1683.333333,1670.966667,2658.333333,585.6666667,1570,1711.7,2748.333333
7,597.2,1613.333333,702.3166667,1641.666667,1654.55,2706.666667,572.0166667,1550,1723.483333,2758.333333
8,651.1,1698.333333,681.55,1695,1662.883333,2670,443.15,1451.666667,1719.45,2786.666667
9,618.2666667,1730,726.0666667,1593.333333,1690.483333,2706.666667,604.9833333,1615,1774.183333,2785
10,759.8833333,1926.666667,706.1,1576.666667,1525.65,2570,610.9,1591.666667,1840.7,2836.666667
11,778.65,1835,709.9333333,1748.333333,1551.733333,2546.666667,664.7666667,1635,1731.25,2790
12,756.6666667,1863.333333,569.4333333,1523.333333,1410.4,2523.333333,558.05,1460,1798.9,2793.333333
13,705.2333333,1758.333333,736.8,1830,1474.883333,2573.333333,645.6,1636.666667,1585.666667,2716.666667
14,883.75,1941.666667,721.1166667,1658.333333,1650.333333,2586.666667,632.3333333,1576.666667,1706.85,2771.666667
15,799.2833333,1925,747.8833333,1785,1526.85,2616.666667,641.6,1573.333333,1715.066667,2768.333333
16,892.9833333,1923.333333,753.0666667,1781.666667,1427.333333,2548.333333,693.7333333,1816.666667,1863.2,2816.666667
17,908.95,1996.666667,714.4833333,1711.666667,1587.7,2625,681.35,1680,1880.516667,2846.666667
18,966.9666667,1953.333333,699.05,1773.333333,1540.85,2596.666667,709.0333333,1543.333333,1837.716667,2808.333333
19,948.6,2086.666667,924.1833333,1921.666667,1568.65,2541.666667,718.1,1751.666667,1755.4,2760
20,908.8833333,2031.666667,974.75,1911.666667,1499.283333,2593.333333,614.7666667,1543.333333,1787.583333,2773.333333
21,945.6833333,2048.333333,985.0666667,1973.333333,1605.3,2616.666667,598.1333333,1853.333333,1672.866667,2798.333333
22,945.6666667,2003.333333,738.6166667,1881.666667,1585.916667,2620,663.1833333,1691.666667,1785.183333,2795
23,991.7241379,2118.965517,724.9333333,1743.333333,1655.1,2643.333333,735.7166667,1805,1736.166667,2783.333333
24,1028.258621,1963.793103,876.5,1821.666667,1687.2,2633.333333,694.2333333,1678.333333,1834.2,2818.333333
25,976.3448276,2000,764.2333333,1700,1627.766667,2615,779.75,1786.666667,1931.05,2846.666667
26,995.4310345,2084.482759,878.6166667,1945,1644.883333,2590,718.5833333,1660,1709.916667,2773.333333
27,949.9655172,1993.103448,988.5333333,1980,1524.733333,2520,606.2833333,1770,1666.133333,2761.666667
28,1046.293103,2162.068966,861.8,1945,1493.566667,2431.666667,755.9,1778.333333,1647.366667,2713.333333
29,988.5344828,2105.172414,840.5333333,1875,1460.233333,2395,708,1673.333333,1753.25,2730
30,1106.586207,2213.793103,877.4,1968.333333,1522.5,2498.333333,717.8666667,1706.666667,1776.95,2796.666667
31,1006.241379,2155.172414,835.2166667,1880,1587.033333,2653.333333,750.8333333,1808.333333,1742.716667,2775
32,1178.017241,2187.931034,998.6666667,1961.666667,1477.966667,2460,763.3833333,1883.333333,1679.616667,2771.666667
33,1122.965517,2186.206897,1011.366667,2105,1493.7,2443.333333,774.4333333,1743.333333,1641.25,2701.666667
34,1147.068966,2201.724138,1088.8,2048.333333,1627.85,2550,797.3166667,1786.666667,1559.45,2600
35,1114.965517,2132.758621,955.3666667,1966.666667,1414.766667,2461.666667,848.55,1908.333333,1668.016667,2693.333333
36,1052.517241,2055.172414,1045.85,2076.666667,1423.916667,2471.666667,827.5,1846.666667,1728.616667,2743.333333
37,1150.62069,2193.103448,1046.4,2145,1550.683333,2573.333333,842.4,1896.666667,1636.133333,2721.666667
38,1181.517241,2237.931034,933.65,2038.333333,1593.266667,2536.666667,736.6,1780,1754.1,2711.666667
39,1243.017241,2298.275862,1007.383333,2145,1561.2,2523.333333,945.7,1950,1828.95,2743.333333
40,1286.862069,2318.965517,1104.7,2083.333333,1476.5,2476.666667,858.8833333,1830,1655.933333,2651.666667
41,1056.086207,2108.62069,1120.5,2108.333333,1522.666667,2531.666667,1012.016667,2150,1745.566667,2723.333333
42,1139.758621,2187.931034,1045.75,2103.333333,1397.7,2418.333333,932.5666667,2090,1664.3,2715
43,1263.103448,2289.655172,1045.083333,2071.666667,1660.416667,2625,851.1833333,1968.333333,1721.25,2701.666667
44,1318.396552,2258.62069,1003.116667,2070,1544.283333,2528.333333,752.2166667,1840,1770.516667,2716.666667
45,1254.396552,2275.862069,1087.883333,2191.666667,1542.016667,2555,964.9333333,2101.666667,1726.4,2718.333333
46,1307.482759,2201.724138,951.8,2053.333333,1558.1,2568.333333,1091.566667,2148.333333,1684.716667,2701.666667
47,1152.672414,2036.206897,1130.966667,2196.666667,1637.25,2576.666667,892.4166667,2001.666667,1675.9,2705
48,1245.810345,2236.206897,1088.15,2146.666667,1428.666667,2458.333333,1095.05,2126.666667,1520.016667,2553.333333
49,1356.87931,2348.275862,1096.166667,2143.333333,1537.45,2445,950.15,2048.333333,1641.016667,2685
50,1308.172414,2313.793103,1037.783333,2068.333333,1458.35,2325,914.8166667,1935,1653.016667,2631.666667
51,1309.896552,2325.862069,1210.066667,2213.333333,1304.05,2323.333333,970.95,2081.666667,1625.45,2631.666667
52,1252.724138,2262.068966,1081.583333,2218.333333,1499.333333,2461.666667,1010.25,2125,1703.066667,2633.333333
53,1305.172414,2403.448276,1139.383333,2176.666667,1451.9,2445,882.3833333,1950,1766.55,2708.333333
54,1329.982759,2310.344828,1214.816667,2193.333333,1218.933333,2323.333333,830.6333333,1856.666667,1812.316667,2721.666667
55,1415.448276,2346.551724,1143.95,2088.333333,1191.816667,2145,1063.75,2146.666667,1729.116667,2698.333333
56,1300.293103,2341.37931,1193.55,2205,1340.05,2276.666667,905.75,1941.666667,1694.9,2650
57,1311.344828,2293.103448,1111.733333,2095,1399.7,2318.333333,935.8,2068.333333,1600.966667,2598.333333
58,1364.344828,2427.586207,1172.833333,2178.333333,1391.533333,2453.333333,923.3833333,2006.666667,1769.2,2680
59,1313.913793,2375.862069,1318.866667,2341.666667,1468.1,2393.333333,986.0666667,2155,1644.85,2683.333333
60,1309.793103,2346.551724,1180.866667,2211.666667,1400.9,2416.666667,936.5833333,2081.666667,1741.583333,2713.333333
61,1482.689655,2463.793103,1291.516667,2261.666667,1504.95,2391.666667,1050.633333,2198.333333,1609.033333,2673.333333
62,1449.482759,2410.344828,1093.766667,2143.333333,1488.266667,2446.666667,1087.283333,2185,1623.083333,2690
63,1511.689655,2477.586207,1069.083333,2113.333333,1479.516667,2433.333333,1081.533333,2203.333333,1614.05,2633.333333
64,1510.189655,2448.275862,1257.633333,2298.333333,1448.1,2393.333333,1080.05,2148.333333,1672.483333,2740
65,1434.051724,2460.344828,1154.133333,2186.666667,1642.566667,2500,1064.266667,2180,1735.05,2693.333333
66,1488.017241,2437.931034,1242.483333,2220,1505.883333,2463.333333,1039.083333,2111.666667,1586.483333,2560
67,1439.137931,2441.37931,1059.366667,2090,1466.166667,2410,973.1666667,2058.333333,1668.433333,2650
68,1465.189655,2425.862069,1210.766667,2270,1488.75,2420,1237.083333,2316.666667,1730.05,2665
69,1425.775862,2432.758621,1100.9,2065,1524.516667,2400,1103.683333,2256.666667,1664.233333,2683.333333
70,1472.034483,2496.551724,1130.1,2253.333333,1421.15,2400,1099.366667,2238.333333,1598,2688.333333
71,1365.068966,2381.034483,1210.716667,2210,1425.133333,2338.333333,1163.116667,2185,1701.85,2691.666667
72,1477.775862,2455.172414,1288.25,2298.333333,1560.833333,2485,1138.85,2203.333333,1583.05,2633.333333
73,1452.775862,2508.62069,1334.683333,2353.333333,1390.05,2365,1200.7,2255,1606.616667,2651.666667
74,1430.689655,2510.344828,1343.2,2266.666667,1489.383333,2383.333333,1159.233333,2248.333333,1569,2593.333333
75,1481.482759,2463.793103,1278.283333,2283.333333,1472.583333,2435,1153.466667,2186.666667,1452.366667,2550
76,1557.965517,2517.241379,1351.6,2325,1448.783333,2320,1092.866667,2181.666667,1583.033333,2610
77,1489.086207,2444.827586,1363.733333,2375,1317.733333,2231.666667,1129.883333,2251.666667,1523.083333,2551.666667
78,1441.724138,2448.275862,1331.583333,2335,1486.55,2448.333333,1075.366667,2178.333333,1556.816667,2586.666667
79,1549.155172,2455.172414,1280.283333,2295,1326.6,2283.333333,1102.783333,2190,1468.116667,2508.333333
80,1353.482759,2405.172414,1413,2498.333333,1447.566667,2380,1053.216667,2135,1553.133333,2543.333333
81,1579.724138,2508.62069,1416.333333,2338.333333,1379.15,2371.666667,1184.383333,2228.333333,1611.883333,2621.666667
82,1514.448276,2477.586207,1377.616667,2418.333333,1365.15,2318.333333,1143.216667,2225,1652.116667,2573.333333
83,1516.965517,2534.482759,1299.933333,2326.666667,1425.15,2291.666667,1091.8,2238.333333,1657.716667,2555
84,1508.775862,2491.37931,1267.65,2255,1314.766667,2308.333333,1112.883333,2185,1552.633333,2573.333333
85,1558.551724,2593.103448,1291.466667,2315,1403.983333,2336.666667,1149.216667,2246.666667,1596.2,2608.333333
86,1455.137931,2370.689655,1448.183333,2518.333333,1290.216667,2283.333333,1184.433333,2238.333333,1614.733333,2648.333333
87,1582.12069,2556.896552,1515.683333,2523.333333,1350.733333,2306.666667,1088.883333,2175,1622.083333,2675
88,1565.965517,2543.103448,1277.6,2266.666667,1344.733333,2368.333333,1035.533333,2095,1573.05,2586.666667
89,1527.827586,2506.896552,1362.833333,2445,1274.166667,2278.333333,1185.616667,2265,1567.95,2566.666667
90,1547.327586,2491.37931,1280.183333,2293.333333,1266.833333,2256.666667,1104.016667,2248.333333,1595.2,2545
91,1632.724138,2563.793103,1415.95,2450,1209.933333,2203.333333,1140.05,2233.333333,1542.533333,2461.666667
92,1568.344828,2555.172414,1466.666667,2490,1257.7,2238.333333,1131.1,2208.333333,1595.55,2570
93,1483.62069,2429.310345,1497,2483.333333,1245.233333,2206.666667,1277.516667,2338.333333,1584.416667,2551.666667
94,1563.206897,2501.724138,1449.133333,2433.333333,1175.066667,2195,1172.966667,2210,1646.083333,2506.666667
95,1533.913793,2517.241379,1436.316667,2485,1122.383333,2095,1210.683333,2241.666667,1558.1,2586.666667
96,1474.224138,2525.862069,1489.866667,2360,1235.3,2180,1125.833333,2188.333333,1533.95,2546.666667
97,1540.913793,2579.310345,1431.95,2360,1189.05,2180,1204.033333,2295,1496.45,2428.333333
98,1652.913793,2625.862069,1476.083333,2433.333333,1157.416667,2160,1214.233333,2280,1475.75,2516.666667
99,1636.931034,2627.586207,1406.5,2475,1233.366667,2186.666667,1157.866667,2225,1537.983333,2475
100,1693.931034,2587.931034,1361.983333,2355,1172.033333,2176.666667,1227.916667,2256.666667,1446.516667,2401.666667
101,1567.862069,2570.689655,1354.916667,2381.666667,1345.833333,2341.666667,1322.666667,2311.666667,1469.366667,2463.333333
102,1622.827586,2568.965517,1293.783333,2321.666667,1221.883333,2186.666667,1184.85,2243.333333,1503.983333,2493.333333
103,1520,2586.206897,1411.566667,2371.666667,1183.45,2260,1182.7,2250,1423.7,2445
104,1591.258621,2575.862069,1271.983333,2280,1173.827586,2205.172414,1150.566667,2243.333333,1395.083333,2401.666667
105,1664.827586,2605.172414,1447.6,2470,1197.793103,2162.068966,1238.566667,2335,1425.616667,2421.666667
106,1645.603448,2553.448276,1278.9,2308.333333,1190.431034,2172.413793,1263.95,2251.666667,1373,2345
107,1719.913793,2637.931034,1502.05,2453.333333,1124.948276,2098.275862,1256.4,2325,1402.8,2430
108,1601.344828,2581.034483,1451.65,2423.333333,1207.431034,2189.655172,1199.816667,2313.333333,1517.366667,2483.333333
109,1625.344828,2577.586207,1637.766667,2508.333333,1130,2087.931034,1261.85,2340,1471.766667,2458.333333
110,1640.517241,2631.034483,1590.85,2521.666667,1048.62069,2098.275862,1214.433333,2310,1474.233333,2470
111,1613.810345,2598.275862,1462.4,2426.666667,1239.103448,2306.896552,1115.233333,2278.333333,1478.683333,2475
112,1654.068966,2608.62069,1569.85,2513.333333,1083.034483,2136.206897,1257.033333,2348.333333,1434.4,2486.666667
113,1655.224138,2587.931034,1521.583333,2481.666667,1269.310345,2225.862069,1238.5,2255,1515.7,2486.666667
114,1658.758621,2551.724138,1479.916667,2436.666667,1132.448276,2106.896552,1296.383333,2405,1455.133333,2448.333333
115,1668.189655,2598.275862,1533.616667,2443.333333,1102.603448,2012.068966,1173.95,2200,1424.916667,2438.333333
116,1706.344828,2622.413793,1496.816667,2380,1111.293103,2125.862069,1297.3,2361.666667,1477.483333,2528.333333
117,1682.431034,2618.965517,1600.15,2508.333333,1184.948276,2218.965517,1225.116667,2375,1504.066667,2491.666667
118,1677.931034,2656.896552,1487.366667,2406.666667,1023.689655,2024.137931,1199.933333,2266.666667,1430.6,2470
119,1619.293103,2548.275862,1467.983333,2443.333333,1097.275862,2151.724138,1262.05,2280,1364.516667,2503.333333
120,1759.655172,2660.344828,1459.166667,2395,1176.12069,2187.931034,1202.166667,2240,1456.383333,2420
121,1734.241379,2660.344828,1540.866667,2461.666667,1218.724138,2213.793103,1178.583333,2230,1408.366667,2461.666667
122,1630.62069,2637.931034,1430,2376.666667,1121.241379,2153.448276,1221.883333,2350,1389.25,2421.666667
123,1692.155172,2667.241379,1468.216667,2431.666667,1149.155172,2144.827586,1302.816667,2381.666667,1394.983333,2380
124,1652.086207,2565.517241,1562.8,2411.666667,1080.086207,2091.37931,1092.133333,2208.333333,1461.833333,2531.666667
125,1658.913793,2610.344828,1521.45,2373.333333,1098.586207,2136.206897,1267.75,2408.333333,1319.166667,2310
126,1684.310345,2668.965517,1523.983333,2470,1092.517241,2115.517241,1202.233333,2336.666667,1315.15,2358.333333
127,1700.672414,2625.862069,1593.666667,2508.333333,1035.258621,1984.482759,1306.066667,2363.333333,1311.666667,2316.666667
128,1677.017241,2579.310345,1454.016667,2371.666667,1093.155172,2144.827586,1267.55,2373.333333,1340.316667,2398.333333
129,1647,2594.827586,1547.933333,2480,1070.327586,2113.793103,1254.366667,2265,1349.55,2431.666667
130,1702.827586,2667.241379,1541.183333,2515,1036.206897,2024.137931,1256.05,2388.333333,1419.8,2413.333333
131,1616.413793,2598.275862,1591.833333,2490,1018.758621,2068.965517,1295.983333,2401.666667,1409.566667,2408.333333
132,1719.586207,2677.586207,1581.733333,2513.333333,1056.357143,2076.785714,1265.966667,2331.666667,1439.3,2431.666667
133,1712.431034,2627.586207,1518.433333,2441.666667,1083.981481,2088.888889,1235.35,2403.333333,1352.55,2460
134,1722.448276,2655.172414,1512.55,2555,1021.518519,2124.074074,1235.416667,2305,1279.416667,2276.666667
135,1668.844828,2637.931034,1502.216667,2556.666667,1088.333333,2062.962963,1257.583333,2335,1332.3,2386.666667
136,1659.155172,2610.344828,1482.55,2391.666667,1018.685185,2116.666667,1335,2448.333333,1305.4,2381.666667
137,1725.224138,2617.241379,1512.266667,2426.666667,1040.055556,2072.222222,1246.4,2323.333333,1246,2356.666667
138,1725.862069,2636.206897,1577.7,2486.666667,1057.018519,2127.777778,1344.416667,2368.333333,1262.516667,2311.666667
139,1738.051724,2715.517241,1489.616667,2451.666667,1034,2061.111111,1279.1,2331.666667,1308.35,2363.333333
140,1703.137931,2608.62069,1523.85,2446.666667,1047.407407,2088.888889,1320.15,2386.666667,1375.45,2363.333333
141,1786.689655,2774.137931,1433.983333,2451.666667,1027.759259,2068.518519,1231.95,2331.666667,1363.3,2370
142,1758.724138,2629.310345,1475.75,2438.333333,1027.666667,2061.111111,1300.65,2398.333333,1330.666667,2415
143,1771.775862,2663.793103,1463.366667,2473.333333,997.1346154,2030.769231,1340.55,2426.666667,1208.733333,2275
144,1778.37931,2700,1361.366667,2341.666667,922.8,1978,1327.15,2443.333333,1370.516667,2393.333333
145,1708,2589.655172,1449.266667,2443.333333,1092.083333,2125,1315.383333,2433.333333,1413.083333,2405
146,1749.482759,2696.551724,1555.3,2481.666667,996.5416667,2093.75,1145.2,2261.666667,1305.883333,2358.333333
147,1679.827586,2663.793103,1593.766667,2530,989.375,2022.916667,1355.95,2451.666667,1289.55,2315
148,1776.12069,2715.517241,1510.7,2480,990.3043478,2030.434783,1214.85,2356.666667,1323.566667,2340
149,1727.534483,2675.862069,1551.35,2430,990.1521739,1971.73913,1284.75,2411.666667,1329,2408.333333
150,1776.758621,2610.344828,1493.5,2445,1099.956522,2167.391304,1308.916667,2376.666667,1309.35,2273.333333
151,1667.637931,2655.172414,1457.133333,2446.666667,954.0217391,1954.347826,1239.633333,2366.666667,1285.2,2348.333333
152,1703.62069,2674.137931,1523.166667,2415,1019.521739,2054.347826,1320.416667,2498.333333,1301.916667,2330
153,1729.12069,2650,1569.683333,2531.666667,1142.565217,2147.826087,1271.85,2380,1287.05,2293.333333
154,1692.37931,2655.172414,1465.206897,2396.551724,1054.782609,2082.608696,1333.5,2396.666667,1366.166667,2370
155,1834,2708.62069,1476.37931,2424.137931,1029.217391,2121.73913,1329.25,2438.333333,1257.383333,2258.333333
156,1761.362069,2677.586207,1513.603448,2462.068966,944.2173913,2052.173913,1416.383333,2473.333333,1399.283333,2373.333333
157,1730.327586,2677.586207,1413.206897,2437.931034,1052.369565,2136.956522,1298.583333,2371.666667,1204.616667,2310
158,1674.568966,2653.448276,1464.517241,2410.344828,934.8181818,2013.636364,1299.683333,2428.333333,1220.066667,2266.666667
159,1664.724138,2681.034483,1486.724138,2367.241379,963.3409091,2059.090909,1282.25,2395,1213.666667,2291.666667
160,1664,2691.37931,1382.431034,2372.413793,1068.590909,2084.090909,1326.433333,2420,1345.666667,2386.666667
161,1786.362069,2703.448276,1592.672414,2520.689655,1044.75,2011.363636,1321.5,2406.666667,1327.816667,2311.666667
162,1760.137931,2679.310345,1550.775862,2558.62069,997.0909091,1956.818182,1308.883333,2393.333333,1280.166667,2328.333333
163,1823.655172,2734.482759,1485.844828,2400,984.9285714,1988.095238,1318.016667,2426.666667,1324.05,2273.333333
164,1748.775862,2684.482759,1465.465517,2360.344828,965.8809524,2004.761905,1216.733333,2338.333333,1188.766667,2205
165,1808.293103,2701.724138,1455.810345,2434.482759,967.1190476,2004.761905,1308.95,2413.333333,1247.733333,2298.333333
166,1739.689655,2655.172414,1516.155172,2418.965517,915.425,1900,1275.616667,2410,1290.35,2275
167,1743.741379,2725.862069,1601.758621,2589.655172,892.975,1975,1381.433333,2410,1116.933333,2215
168,1697.448276,2653.448276,1466.625,2541.071429,924.025,1947.5,1269.866667,2315,1193.783333,2235
169,1695.896552,2672.413793,1389.589286,2425,975.525,1967.5,1334.966667,2388.333333,1188.95,2186.666667
170,1691.5,2674.137931,1430.678571,2442.857143,1094.1,2175,1343.883333,2478.333333,1111.25,2160
171,1782.051724,2670.689655,1460.446429,2426.785714,990.1,2015,1315.466667,2398.333333,1222.066667,2298.333333
172,1761.637931,2665.517241,1447.982143,2396.428571,848.05,1860,1258.616667,2311.666667,1137.85,2181.666667
173,1827.206897,2753.448276,1385.089286,2353.571429,918.95,1872.5,1318.433333,2423.333333,1139.916667,2180
174,1821,2753.448276,1522.589286,2496.428571,998.5,1967.5,1379.2,2418.333333,1221.316667,2275
175,1728.655172,2715.517241,1529.107143,2487.5,896.05,1852.5,1243.75,2345,1172.416667,2226.666667
176,1757.431034,2724.137931,1409.357143,2414.285714,896.075,1977.5,1388.3,2453.333333,1180.933333,2245
177,1760.724138,2681.034483,1430.5,2421.428571,958.575,1920,1336.233333,2398.333333,1171.083333,2248.333333
178,1766.5,2717.241379,1552.696429,2526.785714,1013.575,2070,1434.1,2455,1183.433333,2171.666667
179,1720.37931,2675.862069,1533.071429,2385.714286,885.15,1887.5,1298,2381.666667,1152.183333,2191.666667
180,1739.87931,2720.689655,1321.722222,2353.703704,897.675,1935,1320.15,2415,1074.966667,2080
181,1728.741379,2656.896552,1473,2472.222222,1015.8,2010,1323.333333,2378.333333,1113.4,2168.333333
182,1797.362069,2768.965517,1412.074074,2418.518519,891.5526316,1844.736842,1377.183333,2440,1105.083333,2161.666667
183,1790.965517,2724.137931,1403.407407,2335.185185,996.9166667,1983.333333,1385.733333,2456.666667,1036.866667,2096.666667
184,1762.224138,2644.827586,1538.907407,2501.851852,825.3823529,1955.882353,1427.15,2421.666667,1029.2,2128.333333
185,1764.568966,2741.37931,1588.722222,2542.592593,907,1994.117647,1384.483333,2480,1090.916667,2136.666667
186,1742.724138,2693.103448,1429.423077,2505.769231,1009.705882,2132.352941,1304.816667,2410,1083.533333,2188.333333
187,1705.413793,2682.758621,1454.923077,2432.692308,914.6176471,1970.588235,1339.916667,2390,1093.3,2175
188,1758.534483,2674.137931,1601.557692,2565.384615,906.2352941,1885.294118,1273.95,2420,1058.933333,2138.333333
189,1738.810345,2679.310345,1482.038462,2459.615385,854.625,1968.75,1302.266667,2400,1072.466667,2118.333333
190,1783.586207,2681.034483,1539.673077,2588.461538,801.1875,1893.75,1353.316667,2451.666667,1119.683333,2138.333333
191,1711.637931,2660.344828,1492.076923,2509.615385,859.3571429,1835.714286,1372.433333,2435,1088.483333,2088.333333
192,1686.896552,2589.655172,1433.442308,2434.615385,803.4615385,1911.538462,1272.2,2326.666667,1004.433333,2036.666667
193,1744.172414,2737.931034,1382.442308,2411.538462,915.6923077,2061.538462,1347.566667,2390,979.15,2083.333333
194,1720.017241,2694.827586,1383.538462,2378.846154,801.9615385,1830.769231,1384.683333,2446.666667,1014.1,2103.333333
195,1752.775862,2691.37931,1406.192308,2390.384615,925.9166667,1962.5,1367,2398.333333,996.2666667,2058.333333
196,1738.775862,2684.482759,1439.423077,2451.923077,740.9166667,1683.333333,1314.85,2475,1027.466667,2111.666667
197,1732.724138,2696.551724,1479.269231,2461.538462,889.2916667,1991.666667,1326.15,2466.666667,1022.033333,2100
198,1658.206897,2670.689655,1452.673077,2475,794.1666667,1858.333333,1343.166667,2355,1017.216667,2086.666667
199,1769.586207,2724.137931,1491.596154,2471.153846,899.2083333,1850,1385.533333,2470,950.25,2043.333333
200,1678.551724,2672.413793,1515.057692,2448.076923,923.375,1987.5,1371.766667,2453.333333,877.15,1993.333333
201,1731.465517,2698.275862,1308.769231,2275,970.1666667,2004.166667,1405.033333,2485,908,2038.333333
202,1722.189655,2739.655172,1437.884615,2494.230769,766.8333333,1745.833333,1317.6,2416.666667,986.5,2041.666667
203,1684.706897,2679.310345,1396.173077,2384.615385,790.9583333,1929.166667,1342.75,2408.333333,962.35,2066.666667
204,1645.224138,2618.965517,1460.211538,2457.692308,847.5416667,1891.666667,1356.333333,2438.333333,975.5666667,2036.666667
205,1680.344828,2665.517241,1424.48,2496,734.625,1791.666667,1342.15,2446.666667,1062.6,2156.666667
206,1723.948276,2644.827586,1338.12,2300,830.0416667,1841.666667,1348.933333,2428.333333,1087.5,2136.666667
207,1706.344828,2705.172414,1341.86,2456,900.2272727,1868.181818,1311.45,2400,1046.616667,2143.333333
208,1678.913793,2701.724138,1381.36,2338,735.8181818,1818.181818,1327.716667,2373.333333,1094.866667,2141.666667
209,1657.086207,2617.241379,1379.92,2406,594.2272727,1631.818182,1293.666667,2425,959.55,2080
210,1739.775862,2706.896552,1320,2272,755.4545455,1731.818182,1304.75,2441.666667,984.2,2040
211,1735,2737.931034,1439.82,2426,959.7272727,1950,1292.15,2420,939.3166667,2048.333333
212,1680.327586,2662.068966,1463.18,2446,766.8636364,1759.090909,1336.116667,2403.333333,1070.333333,2216.666667
213,1671.413793,2681.034483,1421.54,2442,765.75,2000,1320.883333,2375,899.7166667,2015
214,1678.068966,2698.275862,1370.28,2410,757.4,1830,1321.583333,2396.666667,964.9166667,2025
215,1637.517241,2682.758621,1445.4,2398,842,1965,1288.116667,2373.333333,978.1333333,2045
216,1657.827586,2689.655172,1321.96,2312,740.75,1785,1344.733333,2416.666667,1018.6,2131.666667
217,1633.034483,2650,1513.5,2524,728.8,1675,1346.833333,2498.333333,915.4833333,2005
218,1590.827586,2715.517241,1366.88,2398,795,1815,1298.3,2486.666667,996.3,2078.333333
219,1630.431034,2672.413793,1403.1,2366,865.15,1895,1289.833333,2460,977.6,2068.333333
220,1584.672414,2584.482759,1428.62,2434,822.95,1800,1356.033333,2500,829.4833333,1998.333333
221,1648.706897,2660.344828,1414.5,2408,873.55,1970,1273.733333,2371.666667,933.6166667,2015
222,1692.051724,2681.034483,1302.56,2378,761.8,1855,1280.366667,2400,936.6,2023.333333
223,1671.086207,2687.931034,1349.48,2392,791.45,1810,1291.616667,2470,893.8,1938.333333
224,1733.793103,2739.655172,1351.083333,2404.166667,765.55,1795,1315.216667,2348.333333,923.9666667,1981.666667
225,1654.568966,2691.37931,1308.270833,2343.75,728.65,1800,1331.35,2515,889,1985
226,1608.37931,2636.206897,1414.333333,2445.833333,802.25,1780,1321.483333,2420,900.1833333,1965
227,1659.896552,2696.551724,1345.770833,2422.916667,772,1760,1333.833333,2393.333333,886.2666667,1961.666667
228,1616.051724,2687.931034,1338.354167,2370.833333,769.45,1860,1349.483333,2491.666667,887.9833333,2028.333333
229,1616.051724,2696.551724,1378.645833,2377.083333,873.3,1905,1268.733333,2353.333333,941.6666667,1976.666667
230,1712.155172,2686.206897,1379.5625,2400,670.15,1670,1290.466667,2358.333333,916.5666667,2076.666667
231,1672.87931,2687.931034,1371,2502.083333,820.8,1895,1268.333333,2465,891.45,2041.666667
232,1640.568966,2696.551724,1351.229167,2420.833333,778.9,1850,1213.033333,2403.333333,834.1,1945
233,1629.62069,2696.551724,1346.083333,2385.416667,676.25,1800,1245.1,2403.333333,913,2003.333333
234,1732.637931,2713.793103,1219.5,2333.333333,700.1,1825,1280.85,2401.666667,826.4,1931.666667
235,1651.310345,2698.275862,1286.875,2310.416667,783.65,1870,1259.1,2368.333333,892.5666667,2036.666667
236,1602.275862,2637.931034,1334.979167,2316.666667,677.4,1765,1325.15,2423.333333,899.2333333,1995
237,1654.068966,2684.482759,1384.416667,2404.166667,791.5555556,1700,1188.416667,2358.333333,883.95,2018.333333
238,1632.482759,2631.034483,1353.625,2397.916667,445.5555556,1350,1273.683333,2340,959.4666667,2053.333333
239,1631.87931,2637.931034,1233,2175,642.1666667,1672.222222,1282.133333,2338.333333,825.0333333,1888.333333
240,1627.87931,2670.689655,1289.020833,2337.5,722.1111111,1683.333333,1294.05,2406.666667,818.4,1891.666667
241,1652.448276,2708.62069,1320.978261,2369.565217,737.3333333,1750,1268.616667,2365,918.7833333,1976.666667
242,1635.034483,2672.413793,1279.869565,2402.173913,569.7222222,1655.555556,1309.116667,2361.666667,924.9,1980
243,1548.431034,2687.931034,1087.195652,2117.391304,694.6111111,1738.888889,1160.116667,2370,867.8,1966.666667
244,1620.413793,2679.310345,1232.826087,2230.434783,744.6111111,1766.666667,1291.9,2448.333333,977.9666667,2021.666667
245,1623.603448,2681.034483,1118.086957,2184.782609,788.1111111,1766.666667,1195.566667,2396.666667,929.0333333,2021.666667
246,1602.896552,2701.724138,1133.869565,1989.130435,782.5625,1637.5,1168.883333,2216.666667,888.4333333,1926.666667
247,1600.465517,2663.793103,1170.76087,2219.565217,691.8125,1700,1311.566667,2371.666667,871.3,1975
248,1607.362069,2651.724138,1248.869565,2230.434783,623.1875,1762.5,1223.9,2373.333333,807.3166667,1965
249,1574.87931,2641.37931,1236.5,2322.727273,850.5,2037.5,1201.716667,2288.333333,790.4,1856.666667
250,1521.948276,2579.310345,1093.977273,2118.181818,867.4375,1893.75,1192.433333,2328.333333,844.55,1921.666667
251,1575.327586,2622.413793,1241.931818,2263.636364,725.5,1681.25,1279.05,2410,876.2166667,1908.333333
252,1552,2637.931034,1124.181818,2181.818182,671.0625,1700,1241.083333,2305,851.1333333,1986.666667
253,1584.482759,2687.931034,1202.340909,2311.363636,732.25,1743.75,1154.283333,2361.666667,908.7333333,1980
254,1576.586207,2686.206897,1118.590909,2179.545455,732.375,1662.5,1276.083333,2373.333333,821.35,1893.333333
255,1516.310345,2613.793103,1153.704545,2256.818182,937.9375,1987.5,1163.45,2351.666667,806.5333333,1866.666667
256,1593.362069,2691.37931,1160.863636,2154.545455,722.8125,1543.75,1206.233333,2345,703.2833333,1865
257,1632.482759,2700,1110.477273,2268.181818,643.2857143,1728.571429,1214.3,2353.333333,833.0333333,1853.333333
258,1485.724138,2722.413793,1137.977273,2300,611.7142857,1642.857143,1249.516667,2401.666667,752.3833333,1818.333333
259,1622.5,2689.655172,1201.818182,2350,739.1428571,1650,1258.316667,2353.333333,793.45,1825
260,1543.741379,2606.896552,1286.568182,2361.363636,636.9285714,1350,1221.833333,2308.333333,741.3833333,1923.333333
261,1585.482759,2682.758621,1148.5,2252.272727,704.25,1666.666667,1179.283333,2218.333333,789.8666667,1888.333333
262,1599.189655,2667.241379,1141.568182,2227.272727,555.0833333,1300,1146.966667,2300,726.75,1821.666667
263,1553.844828,2703.448276,1114.159091,2243.181818,795.8333333,1958.333333,1322.133333,2400,756.0166667,1930
264,1488.482759,2620.689655,1262.477273,2281.818182,545.4166667,1400,1332.616667,2418.333333,741.9166667,1861.666667
265,1572.206897,2679.310345,1250.022727,2265.909091,592.6666667,1458.333333,1170.933333,2311.666667,852.2833333,1920
266,1551.431034,2655.172414,1176.659091,2225,625,1550,1238.05,2325,852.1166667,1913.333333
267,1532.431034,2622.413793,1093.181818,2100,827.25,1708.333333,1258.283333,2346.666667,793.3,1858.333333
268,1584,2682.758621,1171.068182,2265.909091,452,1533.333333,1220.433333,2316.666667,738.2333333,1803.333333
269,1524.12069,2562.068966,1155.522727,2300,576.5833333,1633.333333,1156.583333,2330,793.8,1873.333333
270,1495.517241,2636.206897,1134.590909,2231.818182,443.75,1450,1243.116667,2298.333333,794.4333333,1885
271,1469.448276,2632.758621,1061.431818,2081.818182,422.6666667,1258.333333,1082.05,2341.666667,709.7,1788.333333
272,1526.948276,2655.172414,1102.863636,2177.272727,413.5,1591.666667,1249.466667,2381.666667,755.6166667,1818.333333
273,1454.810345,2601.724138,1115.409091,2113.636364,408.3333333,1408.333333,1150.133333,2283.333333,798.5333333,1898.333333
274,1510.258621,2679.310345,1050.909091,2036.363636,621.25,1383.333333,1204.433333,2323.333333,703.9,1835
275,1470.551724,2668.965517,1032.954545,2059.090909,500.3333333,1333.333333,1112.883333,2326.666667,757.3833333,1796.666667
276,1497.810345,2653.448276,1013.181818,2109.090909,627.0833333,1808.333333,1106.233333,2223.333333,715.55,1786.666667
277,1400.931034,2586.206897,1038.454545,2122.727273,459.8333333,1208.333333,1124.75,2253.333333,679.35,1760
278,1477.706897,2615.517241,1016.022727,2079.545455,474.1,1270,1121.683333,2336.666667,757.0333333,1776.666667
279,1407.844828,2568.965517,973.8181818,1963.636364,270.6,1190,1085.583333,2151.666667,672.4333333,1696.666667
280,1377.431034,2598.275862,1036.886364,2143.181818,597.1,1620,1141.7,2268.333333,690.4833333,1815
281,1477.431034,2598.275862,967.9318182,2050,271,960,1008.583333,2085,696.7666667,1725
282,1460.310345,2598.275862,1020.75,2140.909091,362.3,1590,1091.266667,2341.666667,713.0166667,1748.333333
283,1456.672414,2627.586207,1027.840909,2068.181818,484.1,1550,1094.616667,2328.333333,688.9333333,1823.333333
284,1417.396552,2591.37931,956.3863636,2100,401.3,1320,1131.366667,2280,691.05,1753.333333
285,1443.258621,2627.586207,934.6363636,2027.272727,419.6,1500,1072.733333,2256.666667,729.2666667,1813.333333
286,1425.844828,2631.034483,964.75,1995.454545,396.3,1420,1099.2,2181.666667,721.8,1778.333333
287,1401.5,2548.275862,1023.166667,2195.238095,522,1320,1085.616667,2275,717.1666667,1813.333333
288,1347.965517,2563.793103,1046.97619,2071.428571,352.6,910,1147.666667,2260,731.95,1766.666667
289,1421.258621,2658.62069,920.9285714,2052.380952,281.9,1300,982.6333333,2058.333333,737.6333333,1825
290,1401.258621,2608.62069,997.8809524,2130.952381,555.4,1570,1094.583333,2175,632.2333333,1660
291,1358.689655,2612.068966,960.3809524,2026.190476,423.8,1370,1053.116667,2170,654.1166667,1671.666667
292,1417.827586,2593.103448,880.2857143,1916.666667,395.6,1220,1103.866667,2140,695.3666667,1781.666667
293,1420.137931,2618.965517,910.952381,2004.761905,351.9,1200,1091.4,2246.666667,709.3333333,1756.666667
294,1333.103448,2563.793103,875.6428571,1964.285714,420.5,1400,1058.833333,2215,703.4833333,1681.666667
295,1388.517241,2589.655172,843.9761905,1930.952381,542.3,1590,1069.166667,2176.666667,676.9166667,1753.333333
296,1312.844828,2496.551724,902.5,2088.095238,472.3,1030,1045.25,2103.333333,634.7666667,1633.333333
297,1364.62069,2641.37931,954.2142857,2083.333333,250.6,1000,1053.666667,2218.333333,604.5833333,1663.333333
298,1390.551724,2617.241379,907.8333333,1950,296.7,1550,999.2833333,2111.666667,701.7833333,1693.333333
299,1290.448276,2508.62069,913.075,2007.5,338.9,1020,1038.366667,2098.333333,618.8166667,1665
300,1333.913793,2562.068966,942.675,2052.5,345.6,1240,1046.383333,2248.333333,708.4166667,1771.666667
301,1331.396552,2581.034483,816.85,2017.5,378.2,1230,1012.483333,2121.666667,760.7333333,1825
302,1354.810345,2586.206897,860.825,1815,282.3,1060,1006.316667,2141.666667,665.9333333,1753.333333
303,1281.37931,2555.172414,853.125,2005,552.1,1590,1015.533333,2151.666667,707.75,1756.666667
304,1397.637931,2606.896552,836.575,1977.5,322.125,1187.5,1094.75,2176.666667,707.65,1766.666667
305,1358.896552,2570.689655,983.4,2030,246,962.5,971.5166667,2090,647.9666667,1690
306,1309.948276,2541.37931,908.875,1967.5,419,1500,981.5833333,2136.666667,737.7833333,1726.666667
307,1314.672414,2534.482759,840.3,1972.5,220.75,650,986.1333333,2156.666667,707.4,1756.666667
308,1318.189655,2529.310345,798.5,1905,283.25,1212.5,1056.516667,2178.333333,600.0833333,1648.333333
309,1304.948276,2584.482759,806.6,1817.5,389,1187.5,1080.716667,2275,609.0833333,1588.333333
310,1244.689655,2541.37931,895.7,1907.5,472.875,1587.5,999.0333333,2095,642.7333333,1715
311,1325.844828,2555.172414,902.35,1905,321.625,1062.5,1027.316667,2230,613.4333333,1618.333333
312,1249.724138,2484.482759,915.725,2005,205.75,937.5,1078.133333,2173.333333,632.8166667,1778.333333
313,1267.982759,2517.241379,798.4,1832.5,412,1400,1006.216667,2103.333333,599.3166667,1731.666667
314,1274.482759,2587.931034,812.6842105,1850,436.625,1137.5,1025.483333,2158.333333,669.1666667,1685
315,1113.275862,2401.724138,846.2631579,1926.315789,358.625,1362.5,1094.05,2241.666667,615.9166667,1775
316,1179.327586,2527.586207,810.4210526,1792.105263,435.125,1375,970.4666667,2050,617.5833333,1780
317,1278.758621,2568.965517,801.4473684,1776.315789,350.75,1237.5,1024.616667,2210,633.45,1688.333333
318,1256.931034,2543.103448,816.9736842,1928.947368,378.75,1075,950.9833333,2181.666667,711.4166667,1791.666667
319,1204.913793,2541.37931,769.0263158,1826.315789,618.625,1587.5,982.7333333,2035,654.4166667,1686.666667
320,1283.482759,2567.241379,826.9473684,1842.105263,310.375,987.5,927.85,2118.333333,576.9333333,1493.333333
321,1255.327586,2506.896552,796.0263158,1828.947368,371.75,1150,957.9333333,2011.666667,631.8666667,1750
322,1267.448276,2572.413793,835.3947368,1823.684211,369.75,987.5,881.3666667,2106.666667,577.2333333,1663.333333
323,1240.431034,2486.206897,722.7368421,1847.368421,366.75,1087.5,1009.083333,2105,652.1666667,1670
324,1227.568966,2572.413793,680.5789474,1671.052632,184.6666667,516.6666667,984.0333333,2088.333333,667.35,1745
325,1265.810345,2579.310345,777.5526316,1784.210526,88.66666667,466.6666667,954.4333333,2098.333333,623.8166667,1710
326,1224.534483,2586.206897,762.0789474,1771.052632,300.8333333,683.3333333,936.7166667,2031.666667,648.85,1705
327,1238.258621,2529.310345,695.2368421,1713.157895,111.5,400,919.2333333,2051.666667,625.1166667,1601.666667
328,1263.706897,2567.241379,770.3055556,1827.777778,223,1216.666667,961.8666667,2120,505.0833333,1523.333333
329,1223.965517,2534.482759,728.3333333,1627.777778,269.6666667,633.3333333,914.95,2030,569.0666667,1563.333333
330,1145.37931,2474.137931,754.9722222,1750,225.3333333,800,949.6333333,2140,571.55,1645
331,1187.103448,2413.793103,701.3333333,1655.555556,440.5,1200,838.4166667,1901.666667,599.2666667,1615
332,1256.482759,2505.172414,561.1176471,1573.529412,243.3333333,633.3333333,933.3166667,2170,594.75,1648.333333
333,1175.362069,2463.793103,731.2647059,1711.764706,145.6666667,533.3333333,917.0166667,2075,626.0166667,1638.333333
334,1197.689655,2556.896552,754.5588235,1685.294118,195.3333333,533.3333333,1034.883333,2205,570.0333333,1583.333333
335,1187.155172,2512.068966,566.2647059,1511.764706,228.3333333,750,946.65,2088.333333,548.35,1630
336,1161.672414,2424.137931,658.3235294,1667.647059,120.5,900,874.6333333,1930,531.0833333,1531.666667
337,1159.775862,2468.965517,728.2941176,1879.411765,335.6666667,1150,893.6666667,2091.666667,518.9166667,1640
338,1219.827586,2475.862069,722.1764706,1838.235294,358.3333333,833.3333333,946.1,2005,561.8666667,1701.666667
339,1190.258621,2487.931034,664.0882353,1600,253.1666667,650,933.4833333,2046.666667,605.4,1603.333333
340,1153.551724,2410.344828,634.4117647,1520.588235,172.8333333,816.6666667,934.9333333,2000,555.2333333,1586.666667
341,1139.810345,2408.62069,743.7941176,1629.411765,395.1666667,1000,942.0333333,2111.666667,588.2333333,1665
342,1186.051724,2431.034483,579.3823529,1532.352941,296,1216.666667,867.5333333,1980,531.5166667,1565
343,1181.103448,2432.758621,718.1176471,1750,202.1666667,733.3333333,972.5833333,2125,588.9333333,1635
344,1105.517241,2348.275862,667.5588235,1670.588235,130.6666667,483.3333333,889.6833333,2043.333333,561.5166667,1595
345,1213.034483,2460.344828,757.2941176,1850,194,966.6666667,865.7833333,2025,512.7833333,1643.333333
346,1125.137931,2384.482759,695.6176471,1752.941176,225.6666667,633.3333333,846.0166667,2031.666667,550.7,1600
347,1143.706897,2429.310345,730,1864.705882,269.5,616.6666667,913.35,2093.333333,538.0833333,1606.666667
348,1066.448276,2453.448276,716.0882353,1797.058824,295.8333333,900,875.6666667,2000,557.55,1575
349,1137.327586,2431.034483,784.9705882,1735.294118,166,450,914.9,2111.666667,490.5833333,1478.333333
350,1075.793103,2401.724138,660.7647059,1664.705882,210.1666667,1083.333333,891.0166667,1996.666667,563.6333333,1596.666667
351,1164.637931,2405.172414,661.5588235,1694.117647,331.3333333,1066.666667,845.9166667,1911.666667,556.1666667,1705
352,1104.12069,2368.965517,692.2352941,1732.352941,258,583.3333333,838.4333333,1905,389.3,1463.333333
353,1143.758621,2381.034483,551.7058824,1585.294118,34.66666667,166.6666667,933.3,2056.666667,447.6166667,1538.333333
354,1037.568966,2272.413793,644.8235294,1714.705882,202.8333333,800,806.6,1921.666667,490.4166667,1516.666667
355,1151.206897,2412.068966,637.3823529,1576.470588,54.83333333,550,779.4,1853.333333,468.9,1525
356,1056.758621,2394.827586,662.0882353,1711.764706,112.1666667,783.3333333,787.1,1890,481.4,1521.666667
357,1081.982759,2420.689655,613.3529412,1605.882353,200.1666667,900,792.3,1945,482.8333333,1501.666667
358,1152,2405.172414,647.1764706,1755.882353,262.8333333,1116.666667,873.5,2011.666667,527.7,1583.333333
359,1085.37931,2332.758621,706.3235294,1750,135,566.6666667,816.8833333,2033.333333,479.2,1531.666667
360,1068.793103,2289.655172,707.2352941,1608.823529,61.5,566.6666667,891.5833333,1966.666667,438.0166667,1473.333333
361,1085.137931,2386.206897,677.0588235,1752.941176,149.8333333,1233.333333,779.9666667,1908.333333,558.0166667,1598.333333
362,1135.344828,2396.551724,721.7647059,1752.941176,245.8333333,866.6666667,800.5,1871.666667,566.1333333,1605
363,1120.017241,2443.103448,584.5,1586.666667,244,816.6666667,801.8166667,1878.333333,496.3,1556.666667
364,1078.051724,2412.068966,732.5333333,1810,600.5,1783.333333,834,1896.666667,537.65,1570
365,1097.5,2393.103448,670.9666667,1660,241.5,1116.666667,848.5833333,1926.666667,505.2,1496.666667
366,1130.482759,2327.586207,643.0333333,1676.666667,294.5,833.3333333,742.4833333,1835,489.1,1481.666667
367,1043.810345,2353.448276,484.5666667,1533.333333,158.6666667,616.6666667,835.95,1966.666667,445.5333333,1578.333333
368,1106.603448,2398.275862,588.0666667,1563.333333,98.16666667,516.6666667,804.6333333,1958.333333,455.5,1473.333333
369,1120.637931,2401.724138,565.8333333,1570,102,633.3333333,803.6833333,1951.666667,535.05,1591.666667
370,1112.224138,2427.586207,602.7666667,1670,283.3333333,1633.333333,732.3666667,1778.333333,477.85,1565
371,984.5517241,2272.413793,641.3666667,1733.333333,206.5,1033.333333,809.95,1948.333333,505.8166667,1511.666667
372,1040.862069,2237.931034,678.8,1783.333333,42.33333333,366.6666667,759.0833333,1886.666667,450.2666667,1408.333333
373,1022.896552,2400,660.5,1636.666667,96.5,833.3333333,828.7666667,1981.666667,528.9666667,1518.333333
374,986.0172414,2291.37931,611.1,1436.666667,60.5,700,806.9333333,1983.333333,514.1333333,1590
375,1100.103448,2367.241379,645.5,1770,98.83333333,650,805,1890,452.9166667,1500
376,1056.034483,2341.37931,584.5,1543.333333,98.33333333,716.6666667,794.95,2016.666667,518.65,1585
377,993.9310345,2268.965517,665.3333333,1783.333333,11.16666667,233.3333333,762.5333333,1858.333333,479.95,1540
378,1032.965517,2282.758621,640.1333333,1623.333333,405.5,1616.666667,803.8833333,1948.333333,472.15,1490
379,1052.431034,2351.724138,603.4666667,1533.333333,265.5,800,692.5833333,1668.333333,525.8,1626.666667
380,1080.775862,2412.068966,575.6333333,1446.666667,113,466.6666667,784.5166667,1870,522.8166667,1523.333333
381,1011.068966,2348.275862,591.2333333,1620,198.1666667,583.3333333,779.2166667,1776.666667,476.8333333,1540
382,1099.775862,2382.758621,581.2333333,1600,286.3333333,1633.333333,782.4833333,1860,492.35,1513.333333
383,1043.396552,2277.586207,670.0333333,1733.333333,471.3333333,1366.666667,742.3166667,1881.666667,494.55,1581.666667
384,1057.37931,2389.655172,619.2,1706.666667,79.75,375,774.55,1925,548.2166667,1651.666667
385,1093.017241,2370.689655,495.7333333,1443.333333,214.75,700,857.3833333,1970,430.8333333,1485
386,1046.87931,2313.793103,513.75,1432.142857,168,700,792.05,1941.666667,498.9166667,1585
387,964.8448276,2301.724138,624.8214286,1582.142857,61.25,375,836.3666667,2000,504.2833333,1550
388,1075.310345,2412.068966,556.75,1596.428571,296.75,1325,802.6333333,1978.333333,479.35,1520
389,1035.741379,2405.172414,635.8928571,1625,628.5,1450,727.0833333,1893.333333,417.9833333,1346.666667
390,1011.37931,2372.413793,465.8214286,1242.857143,612,1450,644.6666667,1645,439.9666667,1430
391,1090.362069,2351.724138,562.1071429,1521.428571,845.5,1875,708.0666667,1785,483.9666667,1583.333333
392,1010.5,2370.689655,573.75,1564.285714,411.75,975,735.9666667,1875,430.5333333,1450
393,1076.844828,2413.793103,586.6428571,1550,0,0,721.3,1860,439.3666667,1420
394,1046.396552,2379.310345,674.3928571,1667.857143,0,0,724.4333333,1851.666667,377.1666667,1373.333333
395,1010.189655,2372.413793,633.8076923,1638.461538,193.5,1200,767.8833333,1945,460.3666667,1475
396,982.0344828,2260.344828,636.8076923,1438.461538,520,1100,786.0333333,1936.666667,450.0166667,1393.333333
397,1034.862069,2331.034483,507.8076923,1465.384615,612.5,1350,795.8,1981.666667,427.9166667,1380
398,1125.103448,2336.206897,589.8461538,1676.923077,0,0,770.9166667,1868.333333,447.6833333,1468.333333
399,1005.275862,2370.689655,558.3076923,1576.923077,0,0,845.4333333,1951.666667,392.0166667,1303.333333
400,1046.724138,2305.172414,566.1153846,1673.076923,125,1800,871.6666667,2056.666667,490.95,1635
401,1007.068966,2313.793103,477.0384615,1488.461538,0,0,750.5,1903.333333,421.5333333,1433.333333
402,1096.827586,2432.758621,563.5384615,1492.307692,185.5,1450,812.5833333,2000,401.45,1333.333333
403,1075.137931,2362.068966,449.2692308,1280.769231,0,0,774.85,1875,405.6166667,1530
404,1021.827586,2318.965517,509.5769231,1369.230769,427.5,1900,744.6833333,1788.333333,433.0833333,1456.666667
405,1040.62069,2365.517241,532.8461538,1553.846154,393.5,900,790.4,1935,438.5666667,1456.666667
406,1055.517241,2374.137931,630.3461538,1746.153846,0,0,819.7333333,1820,438.4666667,1481.666667
407,1042.965517,2262.068966,607.9615385,1646.153846,531.5,1900,744.6166667,1813.333333,478.4,1473.333333
408,1066.017241,2382.758621,567.5384615,1603.846154,19,200,819.3833333,2008.333333,471.9333333,1561.666667
409,1053.862069,2327.586207,515.3461538,1423.076923,0,0,779.4833333,1901.666667,473.7666667,1451.666667
410,1037.758621,2329.310345,509.3461538,1357.692308,0,0,778.0666667,1876.666667,465.75,1488.333333
411,1036.241379,2313.793103,628.4230769,1650,95,1000,763.6,1795,464.9666667,1500
412,1064.568966,2308.62069,566.8846154,1603.846154,0,0,764.3166667,1893.333333,437.7333333,1418.333333
413,1086.189655,2360.344828,634.0769231,1596.153846,0,0,787.6166667,1915,407.1166667,1400
414,1041.982759,2294.827586,489.0769231,1365.384615,133,1350,849.6333333,1980,508.2,1516.666667
415,960.7413793,2294.827586,525.0384615,1576.923077,0,0,845.5833333,1943.333333,472.25,1476.666667
416,1036.706897,2381.034483,648.0769231,1738.461538,0,0,774.7333333,1955,451.1666667,1398.333333
417,1065.103448,2320.689655,554.0384615,1373.076923,266.5,1200,832.2833333,2006.666667,443.6,1515
418,1011.637931,2332.758621,557.2692308,1723.076923,134.5,1500,761.1166667,1961.666667,394.4333333,1418.333333
419,1040.5,2236.206897,681.5384615,1561.538462,277.5,600,784.8,1850,354.6333333,1450
420,1052.137931,2296.551724,547.3846154,1488.461538,182,450,786.6,1971.666667,492.4,1530
421,1027.344828,2339.655172,544.9230769,1469.230769,0,0,786.5166667,1913.333333,511.1666667,1531.666667
422,1088.241379,2355.172414,726.625,1695.833333,0,0,800.6333333,1906.666667,466.1166667,1523.333333
423,1026.034483,2318.965517,639.375,1650,574.5,1100,787.8333333,1833.333333,403.3833333,1443.333333
424,1026.62069,2344.827586,657,1687.5,511,600,808.0833333,1968.333333,456.2166667,1493.333333
425,1058.758621,2312.068966,707.4166667,1812.5,3.5,350,809.9,1903.333333,405.2,1468.333333
426,1060.137931,2384.482759,597.8333333,1600,867.5,1850,828.9,1915,570.95,1706.666667
427,1120.913793,2463.793103,705.0833333,1641.666667,659.5,1800,881.25,2018.333333,531.9833333,1643.333333
428,1126.637931,2367.241379,788.8636364,1854.545455,23.5,500,845.1666667,1950,400.5333333,1485
429,1084.551724,2408.62069,733.8636364,1768.181818,438,1150,816.9,1886.666667,433.9833333,1490
430,1149.982759,2391.37931,613.5909091,1577.272727,854.5,1700,767.5166667,1858.333333,455.1333333,1561.666667
431,1118.034483,2332.758621,579.5454545,1527.272727,84.5,900,835.35,1988.333333,510.9333333,1516.666667
432,1131.482759,2393.103448,605.8636364,1409.090909,1393,1800,880.3,1961.666667,561.8166667,1648.333333
433,1016.586207,2303.448276,704.3181818,1804.545455,0,0,837.8833333,1855,550.9833333,1661.666667
434,1073.724138,2353.448276,695.9090909,1713.636364,1197.5,2250,834.1666667,1816.666667,499.8833333,1480
435,1016.586207,2282.758621,654.3181818,1659.090909,641,1600,827.0333333,1883.333333,532.3166667,1573.333333
436,1116.413793,2431.034483,656.4090909,1604.545455,808,1550,860.8,2000,583.15,1646.666667
437,1096.017241,2346.551724,593.0909091,1745.454545,0,0,801.6666667,1870,448.9166667,1488.333333
438,1099.965517,2343.103448,634.2272727,1654.545455,475.5,1550,874.9166667,1978.333333,520.15,1588.333333
439,1032.310345,2272.413793,516.6818182,1486.363636,8,800,864.6833333,1968.333333,523.7833333,1571.666667
440,1092.189655,2277.586207,561.9545455,1650,1082.5,1150,854.1666667,1891.666667,499.95,1521.666667
441,1138.87931,2386.206897,566.5909091,1445.454545,931.5,1500,922.7,2018.333333,579.1166667,1631.666667
442,1136.844828,2381.034483,658.9090909,1568.181818,469.5,950,760.75,1680,526.6833333,1453.333333
443,1151.5,2370.689655,440.1818182,1372.727273,266,700,883.6333333,1985,563.7166667,1465
444,1152.327586,2393.103448,655.1818182,1736.363636,938,1850,880.6666667,1885,578.3833333,1578.333333
445,1146.034483,2406.896552,585.1363636,1636.363636,398.5,1400,894.65,1938.333333,649.2666667,1690
446,1150,2391.37931,647.6363636,1677.272727,451.5,2150,819.1,2001.666667,512.25,1603.333333
447,1092.431034,2301.724138,650.8636364,1704.545455,0,0,972.5166667,1931.666667,624.6666667,1640
448,1232.568966,2403.448276,737.8181818,1831.818182,620.5,2000,887.35,1923.333333,549.15,1611.666667
449,1100.87931,2368.965517,592.1363636,1545.454545,548,1900,1065.483333,2088.333333,578.0666667,1478.333333
450,1203.637931,2408.62069,459.3636364,1368.181818,695.5,1600,983.7166667,2070,630.0166667,1671.666667
451,1146.293103,2358.62069,770.5454545,1668.181818,780.5,1800,979.1166667,2051.666667,565.9333333,1526.666667
452,1206.827586,2410.344828,865.25,1755,690.5,1250,931.5666667,1940,565.4,1570
453,1128.172414,2344.827586,849.05,1805,678,1800,990.5833333,2046.666667,558.4,1466.666667
454,1148.172414,2301.724138,767.5,1615,474.5,1100,936.95,1956.666667,569.8833333,1616.666667
455,1168.931034,2360.344828,686.65,1645,261,800,860.2666667,1876.666667,605.3666667,1628.333333
456,1192.258621,2353.448276,478.5,1385,2,100,982.3333333,1943.333333,587.4333333,1638.333333
457,1134.482759,2315.517241,564.15,1520,754.5,1900,1096.066667,2135,646.2,1650
458,1174.603448,2382.758621,718.5,1765,663.5,2150,1023.633333,2105,618.95,1668.333333
459,1227.189655,2417.241379,547.2,1230,45,1200,913.2666667,1985,517.7166667,1436.666667
460,1219.5,2468.965517,600.3,1515,844.5,1850,967.4666667,1970,563.1166667,1485
461,1256.448276,2446.551724,608.8,1515,169,800,947.15,1918.333333,574.4333333,1560
462,1289.931034,2413.793103,690.15,1665,18.5,700,953.3333333,2013.333333,541.8333333,1598.333333
463,1247.62069,2381.034483,533.2,1460,1762,2200,998.8333333,2138.333333,566.3833333,1508.333333
464,1269.103448,2424.137931,856.4,1700,7,300,927.1,1923.333333,616.9166667,1575
465,1235.137931,2398.275862,695.8,1490,80,600,968.8333333,1911.666667,671.7833333,1720
466,1286.017241,2358.62069,679.75,1530,795.5,2150,981.75,1958.333333,673.9,1755
467,1235.396552,2344.827586,729.55,1690,284.5,850,940.8333333,2001.666667,639.4333333,1630
468,1280.086207,2437.931034,677.35,1515,187.5,1450,985.3333333,2146.666667,639.8,1705
469,1281.310345,2365.517241,732.5,1775,1404.5,2200,1016.333333,2005,698.9666667,1713.333333
470,1229.327586,2350,736.25,1590,770,1050,962.5666667,1950,707.55,1703.333333
471,1318.431034,2434.482759,764.45,1600,725.5,1400,1010.033333,2023.333333,656.9,1668.333333
472,1247.517241,2415.517241,729.65,1630,335.5,1500,990.1166667,1990,661.2833333,1785
473,1248.551724,2374.137931,710.75,1700,1051,2150,948.8333333,2020,726.2,1703.333333
474,1280.051724,2384.482759,820.95,1815,861.5,2150,1012.366667,2000,748.9833333,1800
475,1281.965517,2446.551724,746.35,1675,1475.5,1900,1072.216667,2118.333333,731.3,1840
476,1291.965517,2375.862069,904.1111111,1816.666667,0,0,982.8333333,2031.666667,837.1833333,1761.666667
477,1283.948276,2434.482759,731.5555556,1966.666667,155,1750,937.0333333,1883.333333,886.5166667,1883.333333
478,1316.827586,2389.655172,790.5555556,1922.222222,855,2400,1012.7,2016.666667,783.2166667,1785
479,1308.465517,2408.62069,908.7222222,1827.777778,284.5,950,1013.466667,2113.333333,870.8666667,1828.333333
480,1350.793103,2396.551724,839.6111111,1827.777778,565.5,1500,979.15,2028.333333,766.9833333,1706.666667
481,1320.603448,2462.068966,726.9444444,1761.111111,620,1550,1092.933333,2133.333333,763,1806.666667
482,1205.603448,2386.206897,831.5,1727.777778,436,1350,951.1333333,2023.333333,797.05,1816.666667
483,1348.413793,2429.310345,928.7777778,2016.666667,210.5,750,1050.216667,2050,721.4666667,1836.666667
484,1333.689655,2424.137931,558.7222222,1538.888889,1200,2150,1055.833333,2073.333333,720.8666667,1676.666667
485,1283.672414,2441.37931,805.2222222,1694.444444,681,1750,1079.233333,2161.666667,801.8333333,1841.666667
486,1372.931034,2470.689655,1139.666667,2044.444444,1044,1900,1007.633333,1976.666667,839.4166667,1826.666667
487,1351.775862,2481.034483,652.1111111,1650,1195.5,1950,965.0666667,2013.333333,733.55,1656.666667
488,1314.241379,2396.551724,616.3333333,1738.888889,622,1300,1062.15,2118.333333,868.4333333,1803.333333
489,1380.086207,2503.448276,821.8333333,1916.666667,515,1950,996.95,1975,829.1333333,1773.333333
490,1354.293103,2412.068966,673.5,1766.666667,552.5,1150,1081.933333,2031.666667,750.5833333,1750
491,1333.62069,2398.275862,849.4444444,1733.333333,770,1750,1046.183333,2026.666667,842.9333333,1885
492,1345.741379,2487.931034,621.9444444,1561.111111,809.5,2050,1043.883333,2030,903.2333333,1870
493,1344.896552,2413.793103,776.8888889,1755.555556,134.5,650,979.4666667,1950,877.9666667,1743.333333
494,1409.344828,2415.517241,814.3888889,1622.222222,725.5,1650,1127.883333,2126.666667,952.7666667,1910
495,1346.362069,2441.37931,695.8333333,1583.333333,359.5,1450,1180.85,2143.333333,985.2333333,1913.333333
496,1315.241379,2451.724138,695.7222222,1544.444444,693.5,1250,1014,1976.666667,980.5166667,1940
497,1386.189655,2465.517241,803.3333333,1655.555556,839,1600,1022.566667,1993.333333,848.6333333,1816.666667
498,1446.034483,2532.758621,1054.166667,2094.444444,729.5,1850,906.95,1898.333333,945.75,1928.333333
499,1414.431034,2460.344828,735.5,1894.444444,693.5,1250,962.45,1905,879.9,1855
